Row,Rep ID,Mo #,Rep Name,Role,Segment,Mo,Yr,Monthly Base ($),Monthly Quota,Actual,Attainment %,Plan Key,Comm. Rate,Std. Commission ($),Accel 1 Threshold,Accel 1 Mult,Accel 2 Threshold,Accel 2 Mult,Accel Multiplier (IFS),Total Monthly Variable ($),Total Monthly Cash ($)
1,R002,1,Marcus Williams,SDR,Enterprise,Jan,2025,"$5,167 ",8,9,112.50%,SDR_Enterprise,$319 ,"$2,871 ",110%,1.30x,—,—,1.30x,"$3,732 ","$8,899 "
2,R002,2,Marcus Williams,SDR,Enterprise,Feb,2025,"$5,167 ",8,8,100.00%,SDR_Enterprise,$319 ,"$2,552 ",110%,1.30x,—,—,1.00x,"$2,552 ","$7,719 "
3,R002,3,Marcus Williams,SDR,Enterprise,Mar,2025,"$5,167 ",8,9,112.50%,SDR_Enterprise,$319 ,"$2,871 ",110%,1.30x,—,—,1.00x,"$2,871 ","$8,038 "
4,R002,4,Marcus Williams,SDR,Enterprise,Apr,2025,"$5,167 ",8,7,87.50%,SDR_Enterprise,$319 ,"$2,233 ",110%,1.30x,—,—,1.00x,"$2,233 ","$7,400 "
5,R002,5,Marcus Williams,SDR,Enterprise,May,2025,"$5,167 ",8,8,100.00%,SDR_Enterprise,$319 ,"$2,552 ",110%,1.30x,—,—,1.00x,"$2,552 ","$7,719 "
6,R002,6,Marcus Williams,SDR,Enterprise,Jun,2025,"$5,167 ",8,7,87.50%,SDR_Enterprise,$319 ,"$2,233 ",110%,1.30x,—,—,1.00x,"$2,233 ","$7,400 "
7,R002,7,Marcus Williams,SDR,Enterprise,Jul,2025,"$5,167 ",8,5,62.50%,SDR_Enterprise,$319 ,"$1,595 ",110%,1.30x,—,—,1.00x,"$1,595 ","$6,762 "
8,R002,8,Marcus Williams,SDR,Enterprise,Aug,2025,"$5,167 ",8,4,50.00%,SDR_Enterprise,$319 ,"$1,276 ",110%,1.30x,—,—,1.00x,"$1,276 ","$6,443 "
9,R002,9,Marcus Williams,SDR,Enterprise,Sep,2025,"$5,167 ",8,6,75.00%,SDR_Enterprise,$319 ,"$1,914 ",110%,1.30x,—,—,1.00x,"$1,914 ","$7,081 "
10,R002,10,Marcus Williams,SDR,Enterprise,Oct,2025,"$5,167 ",8,5,62.50%,SDR_Enterprise,$319 ,"$1,595 ",110%,1.30x,—,—,1.00x,"$1,595 ","$6,762 "
11,R002,11,Marcus Williams,SDR,Enterprise,Nov,2025,"$5,167 ",8,6,75.00%,SDR_Enterprise,$319 ,"$1,914 ",110%,1.30x,—,—,1.00x,"$1,914 ","$7,081 "
12,R002,12,Marcus Williams,SDR,Enterprise,Dec,2025,"$5,167 ",8,7,87.50%,SDR_Enterprise,$319 ,"$2,233 ",110%,1.30x,—,—,1.00x,"$2,233 ","$7,400 "
13,R003,1,James Harrington,AE,Enterprise,Jan,2025,"$7,917 ","$75,000 ","$95,000 ",126.70%,AE_Enterprise,10%,"$9,500 ",100%,1.25x,120%,1.50x,1.50x,"$14,250 ","$22,167 "
14,R003,2,James Harrington,AE,Enterprise,Feb,2025,"$7,917 ","$75,000 ","$88,000 ",117.30%,AE_Enterprise,10%,"$8,800 ",100%,1.25x,120%,1.50x,1.25x,"$11,000 ","$18,917 "
15,R003,3,James Harrington,AE,Enterprise,Mar,2025,"$7,917 ","$75,000 ","$105,000 ",140.00%,AE_Enterprise,10%,"$10,500 ",100%,1.25x,120%,1.50x,1.50x,"$15,750 ","$23,667 "
16,R003,4,James Harrington,AE,Enterprise,Apr,2025,"$7,917 ","$75,000 ","$82,000 ",109.30%,AE_Enterprise,10%,"$8,200 ",100%,1.25x,120%,1.50x,1.25x,"$10,250 ","$18,167 "
17,R003,5,James Harrington,AE,Enterprise,May,2025,"$7,917 ","$75,000 ","$79,000 ",105.30%,AE_Enterprise,10%,"$7,900 ",100%,1.25x,120%,1.50x,1.25x,"$9,875 ","$17,792 "
18,R003,6,James Harrington,AE,Enterprise,Jun,2025,"$7,917 ","$75,000 ","$86,000 ",114.70%,AE_Enterprise,10%,"$8,600 ",100%,1.25x,120%,1.50x,1.25x,"$10,750 ","$18,667 "
19,R003,7,James Harrington,AE,Enterprise,Jul,2025,"$7,917 ","$75,000 ","$65,000 ",86.70%,AE_Enterprise,10%,"$6,500 ",100%,1.25x,120%,1.50x,1.00x,"$6,500 ","$14,417 "
20,R003,8,James Harrington,AE,Enterprise,Aug,2025,"$7,917 ","$75,000 ","$58,000 ",77.30%,AE_Enterprise,10%,"$5,800 ",100%,1.25x,120%,1.50x,1.00x,"$5,800 ","$13,717 "
21,R003,9,James Harrington,AE,Enterprise,Sep,2025,"$7,917 ","$75,000 ","$70,000 ",93.30%,AE_Enterprise,10%,"$7,000 ",100%,1.25x,120%,1.50x,1.00x,"$7,000 ","$14,917 "
22,R003,10,James Harrington,AE,Enterprise,Oct,2025,"$7,917 ","$75,000 ","$55,000 ",73.30%,AE_Enterprise,10%,"$5,500 ",100%,1.25x,120%,1.50x,1.00x,"$5,500 ","$13,417 "
23,R003,11,James Harrington,AE,Enterprise,Nov,2025,"$7,917 ","$75,000 ","$62,000 ",82.70%,AE_Enterprise,10%,"$6,200 ",100%,1.25x,120%,1.50x,1.00x,"$6,200 ","$14,117 "
24,R003,12,James Harrington,AE,Enterprise,Dec,2025,"$7,917 ","$75,000 ","$78,000 ",104.00%,AE_Enterprise,10%,"$7,800 ",100%,1.25x,120%,1.50x,1.25x,"$9,750 ","$17,667 "
25,R004,1,Olivia Brooks,AE,Enterprise,Jan,2025,"$7,917 ","$75,000 ","$102,000 ",136.00%,AE_Enterprise,10%,"$10,200 ",100%,1.25x,120%,1.50x,1.50x,"$15,300 ","$23,217 "
26,R004,2,Olivia Brooks,AE,Enterprise,Feb,2025,"$7,917 ","$75,000 ","$95,000 ",126.70%,AE_Enterprise,10%,"$9,500 ",100%,1.25x,120%,1.50x,1.50x,"$14,250 ","$22,167 "
27,R004,3,Olivia Brooks,AE,Enterprise,Mar,2025,"$7,917 ","$75,000 ","$115,000 ",153.30%,AE_Enterprise,10%,"$11,500 ",100%,1.25x,120%,1.50x,1.50x,"$17,250 ","$25,167 "
28,R004,4,Olivia Brooks,AE,Enterprise,Apr,2025,"$7,917 ","$75,000 ","$88,000 ",117.30%,AE_Enterprise,10%,"$8,800 ",100%,1.25x,120%,1.50x,1.25x,"$11,000 ","$18,917 "
29,R004,5,Olivia Brooks,AE,Enterprise,May,2025,"$7,917 ","$75,000 ","$92,000 ",122.70%,AE_Enterprise,10%,"$9,200 ",100%,1.25x,120%,1.50x,1.50x,"$13,800 ","$21,717 "
30,R004,6,Olivia Brooks,AE,Enterprise,Jun,2025,"$7,917 ","$75,000 ","$85,000 ",113.30%,AE_Enterprise,10%,"$8,500 ",100%,1.25x,120%,1.50x,1.25x,"$10,625 ","$18,542 "
31,R004,7,Olivia Brooks,AE,Enterprise,Jul,2025,"$7,917 ","$75,000 ","$72,000 ",96.00%,AE_Enterprise,10%,"$7,200 ",100%,1.25x,120%,1.50x,1.00x,"$7,200 ","$15,117 "
32,R004,8,Olivia Brooks,AE,Enterprise,Aug,2025,"$7,917 ","$75,000 ","$65,000 ",86.70%,AE_Enterprise,10%,"$6,500 ",100%,1.25x,120%,1.50x,1.00x,"$6,500 ","$14,417 "
33,R004,9,Olivia Brooks,AE,Enterprise,Sep,2025,"$7,917 ","$75,000 ","$78,000 ",104.00%,AE_Enterprise,10%,"$7,800 ",100%,1.25x,120%,1.50x,1.25x,"$9,750 ","$17,667 "
34,R004,10,Olivia Brooks,AE,Enterprise,Oct,2025,"$7,917 ","$75,000 ","$62,000 ",82.70%,AE_Enterprise,10%,"$6,200 ",100%,1.25x,120%,1.50x,1.00x,"$6,200 ","$14,117 "
35,R004,11,Olivia Brooks,AE,Enterprise,Nov,2025,"$7,917 ","$75,000 ","$70,000 ",93.30%,AE_Enterprise,10%,"$7,000 ",100%,1.25x,120%,1.50x,1.00x,"$7,000 ","$14,917 "
36,R004,12,Olivia Brooks,AE,Enterprise,Dec,2025,"$7,917 ","$75,000 ","$85,000 ",113.30%,AE_Enterprise,10%,"$8,500 ",100%,1.25x,120%,1.50x,1.25x,"$10,625 ","$18,542 "
37,R005,1,David Kim,CSM,Enterprise,Jan,2025,"$6,667 ","$40,000 ","$52,000 ",130.00%,CSM_Enterprise,6%,"$3,120 ",105%,1.20x,—,—,1.20x,"$3,744 ","$10,411 "
38,R005,2,David Kim,CSM,Enterprise,Feb,2025,"$6,667 ","$40,000 ","$48,000 ",120.00%,CSM_Enterprise,6%,"$2,880 ",105%,1.20x,—,—,1.20x,"$3,456 ","$10,123 "
39,R005,3,David Kim,CSM,Enterprise,Mar,2025,"$6,667 ","$40,000 ","$58,000 ",145.00%,CSM_Enterprise,6%,"$3,480 ",105%,1.20x,—,—,1.20x,"$4,176 ","$10,843 "
40,R005,4,David Kim,CSM,Enterprise,Apr,2025,"$6,667 ","$40,000 ","$44,000 ",110.00%,CSM_Enterprise,6%,"$2,640 ",105%,1.20x,—,—,1.20x,"$3,168 ","$9,835 "
41,R005,5,David Kim,CSM,Enterprise,May,2025,"$6,667 ","$40,000 ","$42,000 ",105.00%,CSM_Enterprise,6%,"$2,520 ",105%,1.20x,—,—,1.20x,"$3,024 ","$9,691 "
42,R005,6,David Kim,CSM,Enterprise,Jun,2025,"$6,667 ","$40,000 ","$46,000 ",115.00%,CSM_Enterprise,6%,"$2,760 ",105%,1.20x,—,—,1.20x,"$3,312 ","$9,979 "
43,R005,7,David Kim,CSM,Enterprise,Jul,2025,"$6,667 ","$40,000 ","$35,000 ",87.50%,CSM_Enterprise,6%,"$2,100 ",105%,1.20x,—,—,1.00x,"$2,100 ","$8,767 "
44,R005,8,David Kim,CSM,Enterprise,Aug,2025,"$6,667 ","$40,000 ","$30,000 ",75.00%,CSM_Enterprise,6%,"$1,800 ",105%,1.20x,—,—,1.00x,"$1,800 ","$8,467 "
45,R005,9,David Kim,CSM,Enterprise,Sep,2025,"$6,667 ","$40,000 ","$38,000 ",95.00%,CSM_Enterprise,6%,"$2,280 ",105%,1.20x,—,—,1.00x,"$2,280 ","$8,947 "
46,R006,10,Lisa Park,CSM,Enterprise,Oct,2025,"$6,667 ","$16,000 ","$10,000 ",62.50%,CSM_Enterprise,6%,$600 ,105%,1.20x,—,—,1.00x,$600 ,"$7,267 "
47,R006,11,Lisa Park,CSM,Enterprise,Nov,2025,"$6,667 ","$28,000 ","$12,000 ",42.90%,CSM_Enterprise,6%,$720 ,105%,1.20x,—,—,1.00x,$720 ,"$7,387 "
48,R006,12,Lisa Park,CSM,Enterprise,Dec,2025,"$6,667 ","$40,000 ","$15,000 ",37.50%,CSM_Enterprise,6%,$900 ,105%,1.20x,—,—,1.00x,$900 ,"$7,567 "
49,R008,1,Kevin O'Brien,SDR,Mid-Market,Jan,2025,"$4,583 ",10,12,120.00%,SDR_Mid-Market,$167 ,"$2,004 ",110%,1.25x,—,—,1.25x,"$2,505 ","$7,088 "
50,R008,2,Kevin O'Brien,SDR,Mid-Market,Feb,2025,"$4,583 ",10,11,110.00%,SDR_Mid-Market,$167 ,"$1,837 ",110%,1.25x,—,—,1.25x,"$2,296 ","$6,880 "
51,R008,3,Kevin O'Brien,SDR,Mid-Market,Mar,2025,"$4,583 ",10,13,130.00%,SDR_Mid-Market,$167 ,"$2,171 ",110%,1.25x,—,—,1.25x,"$2,714 ","$7,297 "
52,R008,4,Kevin O'Brien,SDR,Mid-Market,Apr,2025,"$4,583 ",10,11,110.00%,SDR_Mid-Market,$167 ,"$1,837 ",110%,1.25x,—,—,1.25x,"$2,296 ","$6,880 "
53,R008,5,Kevin O'Brien,SDR,Mid-Market,May,2025,"$4,583 ",10,11,110.00%,SDR_Mid-Market,$167 ,"$1,837 ",110%,1.25x,—,—,1.25x,"$2,296 ","$6,880 "
54,R008,6,Kevin O'Brien,SDR,Mid-Market,Jun,2025,"$4,583 ",10,10,100.00%,SDR_Mid-Market,$167 ,"$1,670 ",110%,1.25x,—,—,1.00x,"$1,670 ","$6,253 "
55,R008,7,Kevin O'Brien,SDR,Mid-Market,Jul,2025,"$4,583 ",10,8,80.00%,SDR_Mid-Market,$167 ,"$1,336 ",110%,1.25x,—,—,1.00x,"$1,336 ","$5,919 "
56,R008,8,Kevin O'Brien,SDR,Mid-Market,Aug,2025,"$4,583 ",10,5,50.00%,SDR_Mid-Market,$167 ,$835 ,110%,1.25x,—,—,1.00x,$835 ,"$5,418 "
57,R009,1,Aisha Johnson,SDR,Mid-Market,Jan,2025,"$4,583 ",10,12,120.00%,SDR_Mid-Market,$167 ,"$2,004 ",110%,1.25x,—,—,1.25x,"$2,505 ","$7,088 "
58,R009,2,Aisha Johnson,SDR,Mid-Market,Feb,2025,"$4,583 ",10,12,120.00%,SDR_Mid-Market,$167 ,"$2,004 ",110%,1.25x,—,—,1.25x,"$2,505 ","$7,088 "
59,R009,3,Aisha Johnson,SDR,Mid-Market,Mar,2025,"$4,583 ",10,14,140.00%,SDR_Mid-Market,$167 ,"$2,338 ",110%,1.25x,—,—,1.25x,"$2,923 ","$7,506 "
60,R009,4,Aisha Johnson,SDR,Mid-Market,Apr,2025,"$4,583 ",10,11,110.00%,SDR_Mid-Market,$167 ,"$1,837 ",110%,1.25x,—,—,1.25x,"$2,296 ","$6,880 "
61,R009,5,Aisha Johnson,SDR,Mid-Market,May,2025,"$4,583 ",10,12,120.00%,SDR_Mid-Market,$167 ,"$2,004 ",110%,1.25x,—,—,1.25x,"$2,505 ","$7,088 "
62,R009,6,Aisha Johnson,SDR,Mid-Market,Jun,2025,"$4,583 ",10,11,110.00%,SDR_Mid-Market,$167 ,"$1,837 ",110%,1.25x,—,—,1.25x,"$2,296 ","$6,880 "
63,R009,7,Aisha Johnson,SDR,Mid-Market,Jul,2025,"$4,583 ",10,9,90.00%,SDR_Mid-Market,$167 ,"$1,503 ",110%,1.25x,—,—,1.00x,"$1,503 ","$6,086 "
64,R009,8,Aisha Johnson,SDR,Mid-Market,Aug,2025,"$4,583 ",10,8,80.00%,SDR_Mid-Market,$167 ,"$1,336 ",110%,1.25x,—,—,1.00x,"$1,336 ","$5,919 "
65,R009,9,Aisha Johnson,SDR,Mid-Market,Sep,2025,"$4,583 ",10,10,100.00%,SDR_Mid-Market,$167 ,"$1,670 ",110%,1.25x,—,—,1.00x,"$1,670 ","$6,253 "
66,R009,10,Aisha Johnson,SDR,Mid-Market,Oct,2025,"$4,583 ",10,8,80.00%,SDR_Mid-Market,$167 ,"$1,336 ",110%,1.25x,—,—,1.00x,"$1,336 ","$5,919 "
67,R009,11,Aisha Johnson,SDR,Mid-Market,Nov,2025,"$4,583 ",10,10,100.00%,SDR_Mid-Market,$167 ,"$1,670 ",110%,1.25x,—,—,1.00x,"$1,670 ","$6,253 "
68,R009,12,Aisha Johnson,SDR,Mid-Market,Dec,2025,"$4,583 ",10,11,110.00%,SDR_Mid-Market,$167 ,"$1,837 ",110%,1.25x,—,—,1.25x,"$2,296 ","$6,880 "
69,R010,7,Jessica Martinez,SDR,Mid-Market,Jul,2025,"$4,583 ",4,6,150.00%,SDR_Mid-Market,$167 ,"$1,002 ",110%,1.25x,—,—,1.25x,"$1,253 ","$5,836 "
70,R010,8,Jessica Martinez,SDR,Mid-Market,Aug,2025,"$4,583 ",7,8,114.30%,SDR_Mid-Market,$167 ,"$1,336 ",110%,1.25x,—,—,1.25x,"$1,670 ","$6,253 "
71,R010,9,Jessica Martinez,SDR,Mid-Market,Sep,2025,"$4,583 ",10,11,110.00%,SDR_Mid-Market,$167 ,"$1,837 ",110%,1.25x,—,—,1.25x,"$2,296 ","$6,880 "
72,R010,10,Jessica Martinez,SDR,Mid-Market,Oct,2025,"$4,583 ",10,10,100.00%,SDR_Mid-Market,$167 ,"$1,670 ",110%,1.25x,—,—,1.00x,"$1,670 ","$6,253 "
73,R010,11,Jessica Martinez,SDR,Mid-Market,Nov,2025,"$4,583 ",10,11,110.00%,SDR_Mid-Market,$167 ,"$1,837 ",110%,1.25x,—,—,1.25x,"$2,296 ","$6,880 "
74,R010,12,Jessica Martinez,SDR,Mid-Market,Dec,2025,"$4,583 ",10,11,110.00%,SDR_Mid-Market,$167 ,"$1,837 ",110%,1.25x,—,—,1.25x,"$2,296 ","$6,880 "
75,R011,1,Ryan Thompson,AE,Mid-Market,Jan,2025,"$6,667 ","$50,000 ","$62,000 ",124.00%,AE_Mid-Market,10%,"$6,200 ",100%,1.25x,120%,1.50x,1.50x,"$9,300 ","$15,967 "
76,R011,2,Ryan Thompson,AE,Mid-Market,Feb,2025,"$6,667 ","$50,000 ","$58,000 ",116.00%,AE_Mid-Market,10%,"$5,800 ",100%,1.25x,120%,1.50x,1.25x,"$7,250 ","$13,917 "
77,R011,3,Ryan Thompson,AE,Mid-Market,Mar,2025,"$6,667 ","$50,000 ","$68,000 ",136.00%,AE_Mid-Market,10%,"$6,800 ",100%,1.25x,120%,1.50x,1.50x,"$10,200 ","$16,867 "
78,R011,4,Ryan Thompson,AE,Mid-Market,Apr,2025,"$6,667 ","$50,000 ","$54,000 ",108.00%,AE_Mid-Market,10%,"$5,400 ",100%,1.25x,120%,1.50x,1.25x,"$6,750 ","$13,417 "
79,R011,5,Ryan Thompson,AE,Mid-Market,May,2025,"$6,667 ","$50,000 ","$52,000 ",104.00%,AE_Mid-Market,10%,"$5,200 ",100%,1.25x,120%,1.50x,1.25x,"$6,500 ","$13,167 "
80,R011,6,Ryan Thompson,AE,Mid-Market,Jun,2025,"$6,667 ","$50,000 ","$57,000 ",114.00%,AE_Mid-Market,10%,"$5,700 ",100%,1.25x,120%,1.50x,1.25x,"$7,125 ","$13,792 "
81,R011,7,Ryan Thompson,AE,Mid-Market,Jul,2025,"$6,667 ","$50,000 ","$44,000 ",88.00%,AE_Mid-Market,10%,"$4,400 ",100%,1.25x,120%,1.50x,1.00x,"$4,400 ","$11,067 "
82,R011,8,Ryan Thompson,AE,Mid-Market,Aug,2025,"$6,667 ","$50,000 ","$40,000 ",80.00%,AE_Mid-Market,10%,"$4,000 ",100%,1.25x,120%,1.50x,1.00x,"$4,000 ","$10,667 "
83,R011,9,Ryan Thompson,AE,Mid-Market,Sep,2025,"$6,667 ","$50,000 ","$48,000 ",96.00%,AE_Mid-Market,10%,"$4,800 ",100%,1.25x,120%,1.50x,1.00x,"$4,800 ","$11,467 "
84,R011,10,Ryan Thompson,AE,Mid-Market,Oct,2025,"$6,667 ","$50,000 ","$38,000 ",76.00%,AE_Mid-Market,10%,"$3,800 ",100%,1.25x,120%,1.50x,1.00x,"$3,800 ","$10,467 "
85,R011,11,Ryan Thompson,AE,Mid-Market,Nov,2025,"$6,667 ","$50,000 ","$42,000 ",84.00%,AE_Mid-Market,10%,"$4,200 ",100%,1.25x,120%,1.50x,1.00x,"$4,200 ","$10,867 "
86,R011,12,Ryan Thompson,AE,Mid-Market,Dec,2025,"$6,667 ","$50,000 ","$52,000 ",104.00%,AE_Mid-Market,10%,"$5,200 ",100%,1.25x,120%,1.50x,1.25x,"$6,500 ","$13,167 "
87,R012,1,Samantha Lee,AE,Mid-Market,Jan,2025,"$6,667 ","$50,000 ","$68,000 ",136.00%,AE_Mid-Market,10%,"$6,800 ",100%,1.25x,120%,1.50x,1.50x,"$10,200 ","$16,867 "
88,R012,2,Samantha Lee,AE,Mid-Market,Feb,2025,"$6,667 ","$50,000 ","$64,000 ",128.00%,AE_Mid-Market,10%,"$6,400 ",100%,1.25x,120%,1.50x,1.50x,"$9,600 ","$16,267 "
89,R012,3,Samantha Lee,AE,Mid-Market,Mar,2025,"$6,667 ","$50,000 ","$72,000 ",144.00%,AE_Mid-Market,10%,"$7,200 ",100%,1.25x,120%,1.50x,1.50x,"$10,800 ","$17,467 "
90,R012,4,Samantha Lee,AE,Mid-Market,Apr,2025,"$6,667 ","$50,000 ","$58,000 ",116.00%,AE_Mid-Market,10%,"$5,800 ",100%,1.25x,120%,1.50x,1.25x,"$7,250 ","$13,917 "
91,R012,5,Samantha Lee,AE,Mid-Market,May,2025,"$6,667 ","$50,000 ","$62,000 ",124.00%,AE_Mid-Market,10%,"$6,200 ",100%,1.25x,120%,1.50x,1.50x,"$9,300 ","$15,967 "
92,R012,6,Samantha Lee,AE,Mid-Market,Jun,2025,"$6,667 ","$50,000 ","$55,000 ",110.00%,AE_Mid-Market,10%,"$5,500 ",100%,1.25x,120%,1.50x,1.25x,"$6,875 ","$13,542 "
93,R012,7,Samantha Lee,AE,Mid-Market,Jul,2025,"$6,667 ","$50,000 ","$45,000 ",90.00%,AE_Mid-Market,10%,"$4,500 ",100%,1.25x,120%,1.50x,1.00x,"$4,500 ","$11,167 "
94,R012,8,Samantha Lee,AE,Mid-Market,Aug,2025,"$6,667 ","$50,000 ","$42,000 ",84.00%,AE_Mid-Market,10%,"$4,200 ",100%,1.25x,120%,1.50x,1.00x,"$4,200 ","$10,867 "
95,R012,9,Samantha Lee,AE,Mid-Market,Sep,2025,"$6,667 ","$50,000 ","$50,000 ",100.00%,AE_Mid-Market,10%,"$5,000 ",100%,1.25x,120%,1.50x,1.25x,"$6,250 ","$12,917 "
96,R012,10,Samantha Lee,AE,Mid-Market,Oct,2025,"$6,667 ","$50,000 ","$40,000 ",80.00%,AE_Mid-Market,10%,"$4,000 ",100%,1.25x,120%,1.50x,1.00x,"$4,000 ","$10,667 "
97,R012,11,Samantha Lee,AE,Mid-Market,Nov,2025,"$6,667 ","$50,000 ","$45,000 ",90.00%,AE_Mid-Market,10%,"$4,500 ",100%,1.25x,120%,1.50x,1.00x,"$4,500 ","$11,167 "
98,R012,12,Samantha Lee,AE,Mid-Market,Dec,2025,"$6,667 ","$50,000 ","$58,000 ",116.00%,AE_Mid-Market,10%,"$5,800 ",100%,1.25x,120%,1.50x,1.25x,"$7,250 ","$13,917 "
99,R013,1,Daniel Foster,CSM,Mid-Market,Jan,2025,"$5,833 ","$15,000 ","$20,000 ",133.30%,CSM_Mid-Market,6%,"$1,200 ",105%,1.20x,—,—,1.20x,"$1,440 ","$7,273 "
100,R013,2,Daniel Foster,CSM,Mid-Market,Feb,2025,"$5,833 ","$15,000 ","$18,000 ",120.00%,CSM_Mid-Market,6%,"$1,080 ",105%,1.20x,—,—,1.20x,"$1,296 ","$7,129 "
101,R013,3,Daniel Foster,CSM,Mid-Market,Mar,2025,"$5,833 ","$15,000 ","$22,000 ",146.70%,CSM_Mid-Market,6%,"$1,320 ",105%,1.20x,—,—,1.20x,"$1,584 ","$7,417 "
102,R013,4,Daniel Foster,CSM,Mid-Market,Apr,2025,"$5,833 ","$15,000 ","$17,000 ",113.30%,CSM_Mid-Market,6%,"$1,020 ",105%,1.20x,—,—,1.20x,"$1,224 ","$7,057 "
103,R013,5,Daniel Foster,CSM,Mid-Market,May,2025,"$5,833 ","$15,000 ","$16,000 ",106.70%,CSM_Mid-Market,6%,$960 ,105%,1.20x,—,—,1.20x,"$1,152 ","$6,985 "
104,R013,6,Daniel Foster,CSM,Mid-Market,Jun,2025,"$5,833 ","$15,000 ","$18,000 ",120.00%,CSM_Mid-Market,6%,"$1,080 ",105%,1.20x,—,—,1.20x,"$1,296 ","$7,129 "
105,R013,7,Daniel Foster,CSM,Mid-Market,Jul,2025,"$5,833 ","$15,000 ","$13,000 ",86.70%,CSM_Mid-Market,6%,$780 ,105%,1.20x,—,—,1.00x,$780 ,"$6,613 "
106,R013,8,Daniel Foster,CSM,Mid-Market,Aug,2025,"$5,833 ","$15,000 ","$11,000 ",73.30%,CSM_Mid-Market,6%,$660 ,105%,1.20x,—,—,1.00x,$660 ,"$6,493 "
107,R013,9,Daniel Foster,CSM,Mid-Market,Sep,2025,"$5,833 ","$15,000 ","$14,000 ",93.30%,CSM_Mid-Market,6%,$840 ,105%,1.20x,—,—,1.00x,$840 ,"$6,673 "
108,R013,10,Daniel Foster,CSM,Mid-Market,Oct,2025,"$5,833 ","$15,000 ","$10,000 ",66.70%,CSM_Mid-Market,6%,$600 ,105%,1.20x,—,—,1.00x,$600 ,"$6,433 "
109,R013,11,Daniel Foster,CSM,Mid-Market,Nov,2025,"$5,833 ","$15,000 ","$12,000 ",80.00%,CSM_Mid-Market,6%,$720 ,105%,1.20x,—,—,1.00x,$720 ,"$6,553 "
110,R013,12,Daniel Foster,CSM,Mid-Market,Dec,2025,"$5,833 ","$15,000 ","$15,000 ",100.00%,CSM_Mid-Market,6%,$900 ,105%,1.20x,—,—,1.00x,$900 ,"$6,733 "
111,R014,1,Rachel Green,CSM,Mid-Market,Jan,2025,"$5,833 ","$15,000 ","$22,000 ",146.70%,CSM_Mid-Market,6%,"$1,320 ",105%,1.20x,—,—,1.20x,"$1,584 ","$7,417 "
112,R014,2,Rachel Green,CSM,Mid-Market,Feb,2025,"$5,833 ","$15,000 ","$20,000 ",133.30%,CSM_Mid-Market,6%,"$1,200 ",105%,1.20x,—,—,1.20x,"$1,440 ","$7,273 "
113,R014,3,Rachel Green,CSM,Mid-Market,Mar,2025,"$5,833 ","$15,000 ","$24,000 ",160.00%,CSM_Mid-Market,6%,"$1,440 ",105%,1.20x,—,—,1.20x,"$1,728 ","$7,561 "
114,R014,4,Rachel Green,CSM,Mid-Market,Apr,2025,"$5,833 ","$15,000 ","$18,000 ",120.00%,CSM_Mid-Market,6%,"$1,080 ",105%,1.20x,—,—,1.20x,"$1,296 ","$7,129 "
115,R014,5,Rachel Green,CSM,Mid-Market,May,2025,"$5,833 ","$15,000 ","$19,000 ",126.70%,CSM_Mid-Market,6%,"$1,140 ",105%,1.20x,—,—,1.20x,"$1,368 ","$7,201 "
116,R014,6,Rachel Green,CSM,Mid-Market,Jun,2025,"$5,833 ","$15,000 ","$17,000 ",113.30%,CSM_Mid-Market,6%,"$1,020 ",105%,1.20x,—,—,1.20x,"$1,224 ","$7,057 "
117,R014,7,Rachel Green,CSM,Mid-Market,Jul,2025,"$5,833 ","$15,000 ","$14,000 ",93.30%,CSM_Mid-Market,6%,$840 ,105%,1.20x,—,—,1.00x,$840 ,"$6,673 "
118,R014,8,Rachel Green,CSM,Mid-Market,Aug,2025,"$5,833 ","$15,000 ","$13,000 ",86.70%,CSM_Mid-Market,6%,$780 ,105%,1.20x,—,—,1.00x,$780 ,"$6,613 "
119,R014,9,Rachel Green,CSM,Mid-Market,Sep,2025,"$5,833 ","$15,000 ","$15,000 ",100.00%,CSM_Mid-Market,6%,$900 ,105%,1.20x,—,—,1.00x,$900 ,"$6,733 "
120,R014,10,Rachel Green,CSM,Mid-Market,Oct,2025,"$5,833 ","$15,000 ","$12,000 ",80.00%,CSM_Mid-Market,6%,$720 ,105%,1.20x,—,—,1.00x,$720 ,"$6,553 "
121,R014,11,Rachel Green,CSM,Mid-Market,Nov,2025,"$5,833 ","$15,000 ","$14,000 ",93.30%,CSM_Mid-Market,6%,$840 ,105%,1.20x,—,—,1.00x,$840 ,"$6,673 "
122,R014,12,Rachel Green,CSM,Mid-Market,Dec,2025,"$5,833 ","$15,000 ","$18,000 ",120.00%,CSM_Mid-Market,6%,"$1,080 ",105%,1.20x,—,—,1.20x,"$1,296 ","$7,129 "
123,R016,1,Nina Patel,SDR,SMB,Jan,2025,"$4,000 ",16,20,125.00%,SDR_SMB,$89 ,"$1,780 ",110%,1.20x,—,—,1.20x,"$2,136 ","$6,136 "
124,R016,2,Nina Patel,SDR,SMB,Feb,2025,"$4,000 ",16,18,112.50%,SDR_SMB,$89 ,"$1,602 ",110%,1.20x,—,—,1.20x,"$1,922 ","$5,922 "
125,R016,3,Nina Patel,SDR,SMB,Mar,2025,"$4,000 ",16,21,131.30%,SDR_SMB,$89 ,"$1,869 ",110%,1.20x,—,—,1.20x,"$2,243 ","$6,243 "
126,R016,4,Nina Patel,SDR,SMB,Apr,2025,"$4,000 ",16,17,106.30%,SDR_SMB,$89 ,"$1,513 ",110%,1.20x,—,—,1.00x,"$1,513 ","$5,513 "
127,R016,5,Nina Patel,SDR,SMB,May,2025,"$4,000 ",16,18,112.50%,SDR_SMB,$89 ,"$1,602 ",110%,1.20x,—,—,1.20x,"$1,922 ","$5,922 "
128,R016,6,Nina Patel,SDR,SMB,Jun,2025,"$4,000 ",16,16,100.00%,SDR_SMB,$89 ,"$1,424 ",110%,1.20x,—,—,1.00x,"$1,424 ","$5,424 "
129,R016,7,Nina Patel,SDR,SMB,Jul,2025,"$4,000 ",16,13,81.30%,SDR_SMB,$89 ,"$1,157 ",110%,1.20x,—,—,1.00x,"$1,157 ","$5,157 "
130,R016,8,Nina Patel,SDR,SMB,Aug,2025,"$4,000 ",16,12,75.00%,SDR_SMB,$89 ,"$1,068 ",110%,1.20x,—,—,1.00x,"$1,068 ","$5,068 "
131,R016,9,Nina Patel,SDR,SMB,Sep,2025,"$4,000 ",16,15,93.80%,SDR_SMB,$89 ,"$1,335 ",110%,1.20x,—,—,1.00x,"$1,335 ","$5,335 "
132,R016,10,Nina Patel,SDR,SMB,Oct,2025,"$4,000 ",16,13,81.30%,SDR_SMB,$89 ,"$1,157 ",110%,1.20x,—,—,1.00x,"$1,157 ","$5,157 "
133,R016,11,Nina Patel,SDR,SMB,Nov,2025,"$4,000 ",16,14,87.50%,SDR_SMB,$89 ,"$1,246 ",110%,1.20x,—,—,1.00x,"$1,246 ","$5,246 "
134,R016,12,Nina Patel,SDR,SMB,Dec,2025,"$4,000 ",16,17,106.30%,SDR_SMB,$89 ,"$1,513 ",110%,1.20x,—,—,1.00x,"$1,513 ","$5,513 "
135,R017,1,Derek Washington,SDR,SMB,Jan,2025,"$4,000 ",16,18,112.50%,SDR_SMB,$89 ,"$1,602 ",110%,1.20x,—,—,1.20x,"$1,922 ","$5,922 "
136,R017,2,Derek Washington,SDR,SMB,Feb,2025,"$4,000 ",16,17,106.30%,SDR_SMB,$89 ,"$1,513 ",110%,1.20x,—,—,1.00x,"$1,513 ","$5,513 "
137,R017,3,Derek Washington,SDR,SMB,Mar,2025,"$4,000 ",16,19,118.80%,SDR_SMB,$89 ,"$1,691 ",110%,1.20x,—,—,1.20x,"$2,029 ","$6,029 "
138,R017,4,Derek Washington,SDR,SMB,Apr,2025,"$4,000 ",16,16,100.00%,SDR_SMB,$89 ,"$1,424 ",110%,1.20x,—,—,1.00x,"$1,424 ","$5,424 "
139,R017,5,Derek Washington,SDR,SMB,May,2025,"$4,000 ",16,17,106.30%,SDR_SMB,$89 ,"$1,513 ",110%,1.20x,—,—,1.00x,"$1,513 ","$5,513 "
140,R017,6,Derek Washington,SDR,SMB,Jun,2025,"$4,000 ",16,15,93.80%,SDR_SMB,$89 ,"$1,335 ",110%,1.20x,—,—,1.00x,"$1,335 ","$5,335 "
141,R017,7,Derek Washington,SDR,SMB,Jul,2025,"$4,000 ",16,13,81.30%,SDR_SMB,$89 ,"$1,157 ",110%,1.20x,—,—,1.00x,"$1,157 ","$5,157 "
142,R017,8,Derek Washington,SDR,SMB,Aug,2025,"$4,000 ",16,12,75.00%,SDR_SMB,$89 ,"$1,068 ",110%,1.20x,—,—,1.00x,"$1,068 ","$5,068 "
143,R017,9,Derek Washington,SDR,SMB,Sep,2025,"$4,000 ",16,14,87.50%,SDR_SMB,$89 ,"$1,246 ",110%,1.20x,—,—,1.00x,"$1,246 ","$5,246 "
144,R017,10,Derek Washington,SDR,SMB,Oct,2025,"$4,000 ",16,12,75.00%,SDR_SMB,$89 ,"$1,068 ",110%,1.20x,—,—,1.00x,"$1,068 ","$5,068 "
145,R017,11,Derek Washington,SDR,SMB,Nov,2025,"$4,000 ",16,14,87.50%,SDR_SMB,$89 ,"$1,246 ",110%,1.20x,—,—,1.00x,"$1,246 ","$5,246 "
146,R017,12,Derek Washington,SDR,SMB,Dec,2025,"$4,000 ",16,16,100.00%,SDR_SMB,$89 ,"$1,424 ",110%,1.20x,—,—,1.00x,"$1,424 ","$5,424 "
147,R018,1,Brandon Cole,AE,SMB,Jan,2025,"$5,417 ","$25,000 ","$18,000 ",72.00%,AE_SMB,10%,"$1,800 ",100%,1.20x,120%,1.40x,1.00x,"$1,800 ","$7,217 "
148,R018,2,Brandon Cole,AE,SMB,Feb,2025,"$5,417 ","$25,000 ","$15,000 ",60.00%,AE_SMB,10%,"$1,500 ",100%,1.20x,120%,1.40x,1.00x,"$1,500 ","$6,917 "
149,R018,3,Brandon Cole,AE,SMB,Mar,2025,"$5,417 ","$25,000 ","$20,000 ",80.00%,AE_SMB,10%,"$2,000 ",100%,1.20x,120%,1.40x,1.00x,"$2,000 ","$7,417 "
150,R018,4,Brandon Cole,AE,SMB,Apr,2025,"$5,417 ","$25,000 ","$17,000 ",68.00%,AE_SMB,10%,"$1,700 ",100%,1.20x,120%,1.40x,1.00x,"$1,700 ","$7,117 "
151,R018,5,Brandon Cole,AE,SMB,May,2025,"$5,417 ","$25,000 ","$15,000 ",60.00%,AE_SMB,10%,"$1,500 ",100%,1.20x,120%,1.40x,1.00x,"$1,500 ","$6,917 "
152,R018,6,Brandon Cole,AE,SMB,Jun,2025,"$5,417 ","$25,000 ","$14,000 ",56.00%,AE_SMB,10%,"$1,400 ",100%,1.20x,120%,1.40x,1.00x,"$1,400 ","$6,817 "
153,R019,7,Stephanie Kim,AE,SMB,Jul,2025,"$5,417 ","$10,000 ","$10,000 ",100.00%,AE_SMB,10%,"$1,000 ",100%,1.20x,120%,1.40x,1.20x,"$1,200 ","$6,617 "
154,R019,8,Stephanie Kim,AE,SMB,Aug,2025,"$5,417 ","$17,500 ","$17,000 ",97.10%,AE_SMB,10%,"$1,700 ",100%,1.20x,120%,1.40x,1.00x,"$1,700 ","$7,117 "
155,R019,9,Stephanie Kim,AE,SMB,Sep,2025,"$5,417 ","$25,000 ","$25,000 ",100.00%,AE_SMB,10%,"$2,500 ",100%,1.20x,120%,1.40x,1.20x,"$3,000 ","$8,417 "
156,R019,10,Stephanie Kim,AE,SMB,Oct,2025,"$5,417 ","$25,000 ","$24,000 ",96.00%,AE_SMB,10%,"$2,400 ",100%,1.20x,120%,1.40x,1.00x,"$2,400 ","$7,817 "
157,R019,11,Stephanie Kim,AE,SMB,Nov,2025,"$5,417 ","$25,000 ","$21,000 ",84.00%,AE_SMB,10%,"$2,100 ",100%,1.20x,120%,1.40x,1.00x,"$2,100 ","$7,517 "
158,R019,12,Stephanie Kim,AE,SMB,Dec,2025,"$5,417 ","$25,000 ","$26,000 ",104.00%,AE_SMB,10%,"$2,600 ",100%,1.20x,120%,1.40x,1.20x,"$3,120 ","$8,537 "
159,R020,1,Amy Chen,AE,SMB,Jan,2025,"$5,417 ","$25,000 ","$32,000 ",128.00%,AE_SMB,10%,"$3,200 ",100%,1.20x,120%,1.40x,1.40x,"$4,480 ","$9,897 "
160,R020,2,Amy Chen,AE,SMB,Feb,2025,"$5,417 ","$25,000 ","$29,000 ",116.00%,AE_SMB,10%,"$2,900 ",100%,1.20x,120%,1.40x,1.20x,"$3,480 ","$8,897 "
161,R020,3,Amy Chen,AE,SMB,Mar,2025,"$5,417 ","$25,000 ","$35,000 ",140.00%,AE_SMB,10%,"$3,500 ",100%,1.20x,120%,1.40x,1.40x,"$4,900 ","$10,317 "
162,R020,4,Amy Chen,AE,SMB,Apr,2025,"$5,417 ","$25,000 ","$27,000 ",108.00%,AE_SMB,10%,"$2,700 ",100%,1.20x,120%,1.40x,1.20x,"$3,240 ","$8,657 "
163,R020,5,Amy Chen,AE,SMB,May,2025,"$5,417 ","$25,000 ","$30,000 ",120.00%,AE_SMB,10%,"$3,000 ",100%,1.20x,120%,1.40x,1.40x,"$4,200 ","$9,617 "
164,R020,6,Amy Chen,AE,SMB,Jun,2025,"$5,417 ","$25,000 ","$28,000 ",112.00%,AE_SMB,10%,"$2,800 ",100%,1.20x,120%,1.40x,1.20x,"$3,360 ","$8,777 "
165,R020,7,Amy Chen,AE,SMB,Jul,2025,"$5,417 ","$25,000 ","$22,000 ",88.00%,AE_SMB,10%,"$2,200 ",100%,1.20x,120%,1.40x,1.00x,"$2,200 ","$7,617 "
166,R020,8,Amy Chen,AE,SMB,Aug,2025,"$5,417 ","$25,000 ","$20,000 ",80.00%,AE_SMB,10%,"$2,000 ",100%,1.20x,120%,1.40x,1.00x,"$2,000 ","$7,417 "
167,R020,9,Amy Chen,AE,SMB,Sep,2025,"$5,417 ","$25,000 ","$25,000 ",100.00%,AE_SMB,10%,"$2,500 ",100%,1.20x,120%,1.40x,1.20x,"$3,000 ","$8,417 "
168,R020,10,Amy Chen,AE,SMB,Oct,2025,"$5,417 ","$25,000 ","$19,000 ",76.00%,AE_SMB,10%,"$1,900 ",100%,1.20x,120%,1.40x,1.00x,"$1,900 ","$7,317 "
169,R020,11,Amy Chen,AE,SMB,Nov,2025,"$5,417 ","$25,000 ","$22,000 ",88.00%,AE_SMB,10%,"$2,200 ",100%,1.20x,120%,1.40x,1.00x,"$2,200 ","$7,617 "
170,R020,12,Amy Chen,AE,SMB,Dec,2025,"$5,417 ","$25,000 ","$28,000 ",112.00%,AE_SMB,10%,"$2,800 ",100%,1.20x,120%,1.40x,1.20x,"$3,360 ","$8,777 "
171,R021,1,Jennifer Walsh,CSM,SMB,Jan,2025,"$5,000 ","$5,000 ","$7,000 ",140.00%,CSM_SMB,6%,$420 ,105%,1.15x,—,—,1.15x,$483 ,"$5,483 "
172,R021,2,Jennifer Walsh,CSM,SMB,Feb,2025,"$5,000 ","$5,000 ","$6,000 ",120.00%,CSM_SMB,6%,$360 ,105%,1.15x,—,—,1.15x,$414 ,"$5,414 "
173,R021,3,Jennifer Walsh,CSM,SMB,Mar,2025,"$5,000 ","$5,000 ","$8,000 ",160.00%,CSM_SMB,6%,$480 ,105%,1.15x,—,—,1.15x,$552 ,"$5,552 "
174,R021,4,Jennifer Walsh,CSM,SMB,Apr,2025,"$5,000 ","$5,000 ","$6,000 ",120.00%,CSM_SMB,6%,$360 ,105%,1.15x,—,—,1.15x,$414 ,"$5,414 "
175,R021,5,Jennifer Walsh,CSM,SMB,May,2025,"$5,000 ","$5,000 ","$5,500 ",110.00%,CSM_SMB,6%,$330 ,105%,1.15x,—,—,1.15x,$380 ,"$5,380 "
176,R021,6,Jennifer Walsh,CSM,SMB,Jun,2025,"$5,000 ","$5,000 ","$6,000 ",120.00%,CSM_SMB,6%,$360 ,105%,1.15x,—,—,1.15x,$414 ,"$5,414 "
177,R021,7,Jennifer Walsh,CSM,SMB,Jul,2025,"$5,000 ","$5,000 ","$4,500 ",90.00%,CSM_SMB,6%,$270 ,105%,1.15x,—,—,1.00x,$270 ,"$5,270 "
178,R021,8,Jennifer Walsh,CSM,SMB,Aug,2025,"$5,000 ","$5,000 ","$4,000 ",80.00%,CSM_SMB,6%,$240 ,105%,1.15x,—,—,1.00x,$240 ,"$5,240 "
179,R021,9,Jennifer Walsh,CSM,SMB,Sep,2025,"$5,000 ","$5,000 ","$4,500 ",90.00%,CSM_SMB,6%,$270 ,105%,1.15x,—,—,1.00x,$270 ,"$5,270 "
180,R021,10,Jennifer Walsh,CSM,SMB,Oct,2025,"$5,000 ","$5,000 ","$3,500 ",70.00%,CSM_SMB,6%,$210 ,105%,1.15x,—,—,1.00x,$210 ,"$5,210 "
181,R021,11,Jennifer Walsh,CSM,SMB,Nov,2025,"$5,000 ","$5,000 ","$4,000 ",80.00%,CSM_SMB,6%,$240 ,105%,1.15x,—,—,1.00x,$240 ,"$5,240 "
182,R021,12,Jennifer Walsh,CSM,SMB,Dec,2025,"$5,000 ","$5,000 ","$5,000 ",100.00%,CSM_SMB,6%,$300 ,105%,1.15x,—,—,1.00x,$300 ,"$5,300 "
